TABLE_SCHEMA,TABLE_NAME,COLUMN_NAME,DATA_TYPE,COMMENT
CORE,DIM_CARD,CARD_TOKEN,VARCHAR,The card's token; no card number is stored
CORE,DIM_CARD,PAN_LAST4,VARCHAR,Last four digits of the card number
CORE,DIM_MERCHANT,MERCHANT_ID,NUMBER,
CORE,DIM_MERCHANT,LEGAL_NAME,VARCHAR,The merchant's registered legal name
CORE,DIM_MERCHANT,DBA_NAME,VARCHAR,"Doing business as: the name on the cardholder's statement"
CORE,DIM_MERCHANT,MCC,VARCHAR,Merchant category code
CORE,FCT_AUTHORIZATION,AUTH_ID,NUMBER,
CORE,FCT_AUTHORIZATION,AUTH_TS,TIMESTAMP_NTZ,UTC
CORE,FCT_AUTHORIZATION,AMT_MINOR,NUMBER,"Amount in the currency's minor unit, such as cents"
CORE,FCT_AUTHORIZATION,CURRENCY_NUM,VARCHAR,ISO 4217 numeric code
CORE,FCT_AUTHORIZATION,RESP_CD,VARCHAR,Issuer response code
CORE,FCT_AUTHORIZATION,APPROVAL_CD,VARCHAR,Issuer approval code
CORE,FCT_AUTHORIZATION,CARD_TOKEN,VARCHAR,
CORE,FCT_AUTHORIZATION,MERCHANT_ID,NUMBER,
CORE,FCT_AUTHORIZATION,DEVICE_FP,VARCHAR,Browser or app fingerprint sent with the authorization
CORE,FCT_CAPTURE,CAPTURE_ID,NUMBER,
CORE,FCT_CAPTURE,AUTH_ID,NUMBER,
CORE,FCT_CAPTURE,AMT_MINOR,NUMBER,"Amount in the currency's minor unit, such as cents"
CORE,FCT_CAPTURE,CAPTURE_TS,TIMESTAMP_NTZ,UTC
CORE,FCT_CAPTURE,CAPTURE_DT,DATE,
CORE,FCT_SETTLEMENT_ITEM,SETTLEMENT_ID,NUMBER,
CORE,FCT_SETTLEMENT_ITEM,CAPTURE_ID,NUMBER,
CORE,FCT_SETTLEMENT_ITEM,SETTLED_DT,DATE,
CORE,FCT_REFUND,REFUND_ID,NUMBER,
CORE,FCT_REFUND,CAPTURE_ID,NUMBER,
CORE,FCT_REFUND,AMT_MINOR,NUMBER,"Amount in the currency's minor unit, such as cents"
CORE,FCT_CHARGEBACK,CB_ID,NUMBER,
CORE,FCT_CHARGEBACK,CAPTURE_ID,NUMBER,
CORE,FCT_CHARGEBACK,REASON_CD,VARCHAR,Network reason code
CORE,FCT_CHARGEBACK,OPENED_TS,TIMESTAMP_NTZ,UTC
CORE,FCT_CHARGEBACK,RESPONSE_DUE_DT,DATE,
REF,ISO_CURRENCY,NUMERIC_CODE,VARCHAR,
REF,ISO_CURRENCY,ALPHA_CODE,VARCHAR,
RISK,MERCHANT_RISK_SCORES,MERCHANT_ID,NUMBER,
RISK,MERCHANT_RISK_SCORES,TIER,VARCHAR,"Low, medium or high, from the risk team's model"
RISK,MERCHANT_RISK_SCORES,IS_LATEST,BOOLEAN,
